{
    "c3_0_d4_0": {
        "0bh3h": {
            "nominal": {
                "run2": [
                    0.018035743292449374
                ]
            }
        },
        "1bh2h": {
            "nominal": {
                "run2": [
                    0.019251598237507137
                ]
            }
        },
        "2bh1h": {
            "nominal": {
                "run2": [
                    0.019513788842613355
                ]
            }
        },
        "3bh0h": {
            "nominal": {
                "run2": [
                    0.008828442389966348
                ]
            }
        }
    },
    "c3_0_d4_99": {
        "0bh3h": {
            "nominal": {
                "run2": [
                    2.378873904939087
                ]
            }
        },
        "1bh2h": {
            "nominal": {
                "run2": [
                    2.293417706106436
                ]
            }
        },
        "2bh1h": {
            "nominal": {
                "run2": [
                    2.1481273401791428
                ]
            }
        },
        "3bh0h": {
            "nominal": {
                "run2": [
                    0.8785425523215427
                ]
            }
        }
    },
    "c3_0_d4_m1": {
        "0bh3h": {
            "nominal": {
                "run2": [
                    0.02083124453356768
                ]
            }
        },
        "1bh2h": {
            "nominal": {
                "run2": [
                    0.023482564044336136
                ]
            }
        },
        "2bh1h": {
            "nominal": {
                "run2": [
                    0.02424533274938753
                ]
            }
        },
        "3bh0h": {
            "nominal": {
                "run2": [
                    0.010414116340697135
                ]
            }
        }
    },
    "c3_19_d4_19": {
        "0bh3h": {
            "nominal": {
                "run2": [
                    33.18571280685033
                ]
            }
        },
        "1bh2h": {
            "nominal": {
                "run2": [
                    20.545980399124932
                ]
            }
        },
        "2bh1h": {
            "nominal": {
                "run2": [
                    11.473488682469288
                ]
            }
        },
        "3bh0h": {
            "nominal": {
                "run2": [
                    3.497409483986887
                ]
            }
        }
    },
    "c3_1_d4_0": {
        "0bh3h": {
            "nominal": {
                "run2": [
                    0.013522487544960863
                ]
            }
        },
        "1bh2h": {
            "nominal": {
                "run2": [
                    0.018682537291286907
                ]
            }
        },
        "2bh1h": {
            "nominal": {
                "run2": [
                    0.020949577279973562
                ]
            }
        },
        "3bh0h": {
            "nominal": {
                "run2": [
                    0.008125037966050503
                ]
            }
        }
    },
    "c3_1_d4_2": {
        "0bh3h": {
            "nominal": {
                "run2": [
                    0.008280078096569662
                ]
            }
        },
        "1bh2h": {
            "nominal": {
                "run2": [
                    0.012799544777344999
                ]
            }
        },
        "2bh1h": {
            "nominal": {
                "run2": [
                    0.014861240318399738
                ]
            }
        },
        "3bh0h": {
            "nominal": {
                "run2": [
                    0.005811203808554684
                ]
            }
        }
    },
    "c3_2_d4_m1": {
        "0bh3h": {
            "nominal": {
                "run2": [
                    0.026110659862019322
                ]
            }
        },
        "1bh2h": {
            "nominal": {
                "run2": [
                    0.0341786771579386
                ]
            }
        },
        "2bh1h": {
            "nominal": {
                "run2": [
                    0.03803914520137556
                ]
            }
        },
        "3bh0h": {
            "nominal": {
                "run2": [
                    0.014262531571955126
                ]
            }
        }
    },
    "c3_4_d4_9": {
        "0bh3h": {
            "nominal": {
                "run2": [
                    0.07324819314931721
                ]
            }
        },
        "1bh2h": {
            "nominal": {
                "run2": [
                    0.062129849441089055
                ]
            }
        },
        "2bh1h": {
            "nominal": {
                "run2": [
                    0.05274391664775161
                ]
            }
        },
        "3bh0h": {
            "nominal": {
                "run2": [
                    0.015716799247179555
                ]
            }
        }
    },
    "c3_m1_d4_0": {
        "0bh3h": {
            "nominal": {
                "run2": [
                    0.04337963451247345
                ]
            }
        },
        "1bh2h": {
            "nominal": {
                "run2": [
                    0.03666604868424745
                ]
            }
        },
        "2bh1h": {
            "nominal": {
                "run2": [
                    0.03031840307467204
                ]
            }
        },
        "3bh0h": {
            "nominal": {
                "run2": [
                    0.012484604902937062
                ]
            }
        }
    },
    "c3_m1_d4_m1": {
        "0bh3h": {
            "nominal": {
                "run2": [
                    0.04282602686516337
                ]
            }
        },
        "1bh2h": {
            "nominal": {
                "run2": [
                    0.036399405130252145
                ]
            }
        },
        "2bh1h": {
            "nominal": {
                "run2": [
                    0.03153301483654305
                ]
            }
        },
        "3bh0h": {
            "nominal": {
                "run2": [
                    0.013862633531433377
                ]
            }
        }
    },
    "c3_m1p5_d4_m0p5": {
        "0bh3h": {
            "nominal": {
                "run2": [
                    0.06759368258111642
                ]
            }
        },
        "1bh2h": {
            "nominal": {
                "run2": [
                    0.053555829138989354
                ]
            }
        },
        "2bh1h": {
            "nominal": {
                "run2": [
                    0.04129580453881343
                ]
            }
        },
        "3bh0h": {
            "nominal": {
                "run2": [
                    0.017094134073841083
                ]
            }
        }
    }
}