{
    "c3_7_d4_m21": {
        "0bh3h": {
            "nominal": {
                "run2": [
                    0.3092181655842721
                ]
            }
        },
        "1bh2h": {
            "nominal": {
                "run2": [
                    0.19141281964848517
                ]
            }
        },
        "2bh1h": {
            "nominal": {
                "run2": [
                    0.2970782897108527
                ]
            }
        },
        "3bh0h": {
            "nominal": {
                "run2": [
                    0.1920908149488003
                ]
            }
        }
    },
    "c3_m11_d4_99": {
        "0bh3h": {
            "nominal": {
                "run2": [
                    20.181511589641154
                ]
            }
        },
        "1bh2h": {
            "nominal": {
                "run2": [
                    16.452441107012536
                ]
            }
        },
        "2bh1h": {
            "nominal": {
                "run2": [
                    9.872658898722866
                ]
            }
        },
        "3bh0h": {
            "nominal": {
                "run2": [
                    2.6941140627250832
                ]
            }
        }
    },
    "c3_m6_d4_29": {
        "0bh3h": {
            "nominal": {
                "run2": [
                    2.442328940364185
                ]
            }
        },
        "1bh2h": {
            "nominal": {
                "run2": [
                    1.9511929080771226
                ]
            }
        },
        "2bh1h": {
            "nominal": {
                "run2": [
                    1.148379087845602
                ]
            }
        },
        "3bh0h": {
            "nominal": {
                "run2": [
                    0.3217311447875539
                ]
            }
        }
    },
    "c3_15_d4_m81": {
        "0bh3h": {
            "nominal": {
                "run2": [
                    5.4870248936422055
                ]
            }
        },
        "1bh2h": {
            "nominal": {
                "run2": [
                    1.8055773191400952
                ]
            }
        },
        "2bh1h": {
            "nominal": {
                "run2": [
                    2.7074012552033495
                ]
            }
        },
        "3bh0h": {
            "nominal": {
                "run2": [
                    1.925826068376768
                ]
            }
        }
    },
    "c3_7_d4_49": {
        "0bh3h": {
            "nominal": {
                "run2": [
                    1.5349212109077397
                ]
            }
        },
        "1bh2h": {
            "nominal": {
                "run2": [
                    1.2701636506248564
                ]
            }
        },
        "2bh1h": {
            "nominal": {
                "run2": [
                    0.8539890909249429
                ]
            }
        },
        "3bh0h": {
            "nominal": {
                "run2": [
                    0.23394201955340269
                ]
            }
        }
    },
    "c3_m5_d4_m21": {
        "0bh3h": {
            "nominal": {
                "run2": [
                    0.5390827105082607
                ]
            }
        },
        "1bh2h": {
            "nominal": {
                "run2": [
                    0.3953695158138458
                ]
            }
        },
        "2bh1h": {
            "nominal": {
                "run2": [
                    0.38738878742719945
                ]
            }
        },
        "3bh0h": {
            "nominal": {
                "run2": [
                    0.12957616533598887
                ]
            }
        }
    },
    "c3_2_d4_m61": {
        "0bh3h": {
            "nominal": {
                "run2": [
                    1.2520166830746575
                ]
            }
        },
        "1bh2h": {
            "nominal": {
                "run2": [
                    1.286788017623497
                ]
            }
        },
        "2bh1h": {
            "nominal": {
                "run2": [
                    1.2745808622122574
                ]
            }
        },
        "3bh0h": {
            "nominal": {
                "run2": [
                    0.5189185377399244
                ]
            }
        }
    },
    "c3_0_d4_0": {
        "0bh3h": {
            "nominal": {
                "run2": [
                    0.01803574329244947
                ]
            }
        },
        "1bh2h": {
            "nominal": {
                "run2": [
                    0.019251598237507276
                ]
            }
        },
        "2bh1h": {
            "nominal": {
                "run2": [
                    0.01951378884261351
                ]
            }
        },
        "3bh0h": {
            "nominal": {
                "run2": [
                    0.008828442389966416
                ]
            }
        }
    },
    "c3_m14_d4_m101": {
        "0bh3h": {
            "nominal": {
                "run2": [
                    11.602964768537262
                ]
            }
        },
        "1bh2h": {
            "nominal": {
                "run2": [
                    6.8564829354348795
                ]
            }
        },
        "2bh1h": {
            "nominal": {
                "run2": [
                    6.555427136088814
                ]
            }
        },
        "3bh0h": {
            "nominal": {
                "run2": [
                    2.158435549614679
                ]
            }
        }
    }
}