{
    "c3_0_d4_m1": {
        "0bh3h": {
            "nominal": {
                "run2": [
                    0.003815246251569156
                ]
            }
        },
        "1bh2h": {
            "nominal": {
                "run2": [
                    0.004300835905556059
                ]
            }
        },
        "2bh1h": {
            "nominal": {
                "run2": [
                    0.004440537133587456
                ]
            }
        },
        "3bh0h": {
            "nominal": {
                "run2": [
                    0.0019073473151459928
                ]
            }
        }
    },
    "c3_7_d4_49": {
        "0bh3h": {
            "nominal": {
                "run2": [
                    0.28734036636772947
                ]
            }
        },
        "1bh2h": {
            "nominal": {
                "run2": [
                    0.2629471289694943
                ]
            }
        },
        "2bh1h": {
            "nominal": {
                "run2": [
                    0.1783168679985364
                ]
            }
        },
        "3bh0h": {
            "nominal": {
                "run2": [
                    0.04505459766343642
                ]
            }
        }
    },
    "c3_m11_d4_m51": {
        "0bh3h": {
            "nominal": {
                "run2": [
                    0.9596243989104762
                ]
            }
        },
        "1bh2h": {
            "nominal": {
                "run2": [
                    0.0031793671533207335
                ]
            }
        },
        "2bh1h": {
            "nominal": {
                "run2": [
                    0.061842734900626306
                ]
            }
        },
        "3bh0h": {
            "nominal": {
                "run2": [
                    0.11547931377430537
                ]
            }
        }
    },
    "c3_4_d4_9": {
        "0bh3h": {
            "nominal": {
                "run2": [
                    0.013415419990713082
                ]
            }
        },
        "1bh2h": {
            "nominal": {
                "run2": [
                    0.011379093304225195
                ]
            }
        },
        "2bh1h": {
            "nominal": {
                "run2": [
                    0.009660057994090683
                ]
            }
        },
        "3bh0h": {
            "nominal": {
                "run2": [
                    0.002878534660654255
                ]
            }
        }
    },
    "c3_2_d4_3": {
        "0bh3h": {
            "nominal": {
                "run2": [
                    0.0020995150740388243
                ]
            }
        },
        "1bh2h": {
            "nominal": {
                "run2": [
                    0.002715589619000368
                ]
            }
        },
        "2bh1h": {
            "nominal": {
                "run2": [
                    0.003442652603623411
                ]
            }
        },
        "3bh0h": {
            "nominal": {
                "run2": [
                    0.0012396343961005854
                ]
            }
        }
    },
    "c3_2_d4_m1": {
        "0bh3h": {
            "nominal": {
                "run2": [
                    0.00478217213590071
                ]
            }
        },
        "1bh2h": {
            "nominal": {
                "run2": [
                    0.006259830981307308
                ]
            }
        },
        "2bh1h": {
            "nominal": {
                "run2": [
                    0.006966876410508288
                ]
            }
        },
        "3bh0h": {
            "nominal": {
                "run2": [
                    0.002612185269588812
                ]
            }
        }
    },
    "c3_1_d4_2": {
        "0bh3h": {
            "nominal": {
                "run2": [
                    0.001516497819884104
                ]
            }
        },
        "1bh2h": {
            "nominal": {
                "run2": [
                    0.0023442389702092955
                ]
            }
        },
        "2bh1h": {
            "nominal": {
                "run2": [
                    0.0027218388861534183
                ]
            }
        },
        "3bh0h": {
            "nominal": {
                "run2": [
                    0.0010643230418596649
                ]
            }
        }
    },
    "c3_8_d4_99": {
        "0bh3h": {
            "nominal": {
                "run2": [
                    0.9117148181053183
                ]
            }
        },
        "1bh2h": {
            "nominal": {
                "run2": [
                    0.872207462367154
                ]
            }
        },
        "2bh1h": {
            "nominal": {
                "run2": [
                    0.6337670337171287
                ]
            }
        },
        "3bh0h": {
            "nominal": {
                "run2": [
                    0.1790765530337703
                ]
            }
        }
    },
    "c3_m6_d4_m31": {
        "0bh3h": {
            "nominal": {
                "run2": [
                    0.11766204915513274
                ]
            }
        },
        "1bh2h": {
            "nominal": {
                "run2": [
                    -0.04314724797893439
                ]
            }
        },
        "2bh1h": {
            "nominal": {
                "run2": [
                    0.0053699938442351575
                ]
            }
        },
        "3bh0h": {
            "nominal": {
                "run2": [
                    0.027575780067330212
                ]
            }
        }
    },
    "c3_m5_d4_m21": {
        "0bh3h": {
            "nominal": {
                "run2": [
                    0.08261126813454588
                ]
            }
        },
        "1bh2h": {
            "nominal": {
                "run2": [
                    -0.006175448514691935
                ]
            }
        },
        "2bh1h": {
            "nominal": {
                "run2": [
                    0.014157952162274189
                ]
            }
        },
        "3bh0h": {
            "nominal": {
                "run2": [
                    0.01800804072435275
                ]
            }
        }
    },
    "c3_1_d4_0": {
        "0bh3h": {
            "nominal": {
                "run2": [
                    0.002682055602051926
                ]
            }
        },
        "1bh2h": {
            "nominal": {
                "run2": [
                    0.003721921650179009
                ]
            }
        },
        "2bh1h": {
            "nominal": {
                "run2": [
                    0.0041869658642655775
                ]
            }
        },
        "3bh0h": {
            "nominal": {
                "run2": [
                    0.0016317112235439283
                ]
            }
        }
    },
    "c3_m1_d4_0": {
        "0bh3h": {
            "nominal": {
                "run2": [
                    0.007926194600116902
                ]
            }
        },
        "1bh2h": {
            "nominal": {
                "run2": [
                    0.007030844793499518
                ]
            }
        },
        "2bh1h": {
            "nominal": {
                "run2": [
                    0.0056545713364703105
                ]
            }
        },
        "3bh0h": {
            "nominal": {
                "run2": [
                    0.0023777028821949744
                ]
            }
        }
    },
    "c3_0_d4_99": {
        "0bh3h": {
            "nominal": {
                "run2": [
                    0.43569119138078116
                ]
            }
        },