{
    "c3_0_d4_0": {
        "0bh3h": {
            "nominal": {
                "run2": [
                    0.018035743292449377
                ]
            }
        },
        "1bh2h": {
            "nominal": {
                "run2": [
                    0.019251598237507134
                ]
            }
        },
        "2bh1h": {
            "nominal": {
                "run2": [
                    0.019513788842613355
                ]
            }
        },
        "3bh0h": {
            "nominal": {
                "run2": [
                    0.008828442389966348
                ]
            }
        }
    },
    "c3_0_d4_99": {
        "0bh3h": {
            "nominal": {
                "run2": [
                    0.43569119138078505
                ]
            }
        },
        "1bh2h": {
            "nominal": {
                "run2": [
                    0.4200398729132666
                ]
            }
        },
        "2bh1h": {
            "nominal": {
                "run2": [
                    0.39342991578372577
                ]
            }
        },
        "3bh0h": {
            "nominal": {
                "run2": [
                    0.16090522936291993
                ]
            }
        }
    },
    "c3_0_d4_m1": {
        "0bh3h": {
            "nominal": {
                "run2": [
                    0.0038152462515691713
                ]
            }
        },
        "1bh2h": {
            "nominal": {
                "run2": [
                    0.004300835905556069
                ]
            }
        },
        "2bh1h": {
            "nominal": {
                "run2": [
                    0.00444053713358746
                ]
            }
        },
        "3bh0h": {
            "nominal": {
                "run2": [
                    0.0019073473151459959
                ]
            }
        }
    },
    "c3_19_d4_19": {
        "0bh3h": {
            "nominal": {
                "run2": [
                    6.077969378544016
                ]
            }
        },
        "1bh2h": {
            "nominal": {
                "run2": [
                    3.763000073099805
                ]
            }
        },
        "2bh1h": {
            "nominal": {
                "run2": [
                    2.101371553565804
                ]
            }
        },
        "3bh0h": {
            "nominal": {
                "run2": [
                    0.6405511875433858
                ]
            }
        }
    },
    "c3_1_d4_0": {
        "0bh3h": {
            "nominal": {
                "run2": [
                    0.0026820556020521347
                ]
            }
        },
        "1bh2h": {
            "nominal": {
                "run2": [
                    0.0037219216501791753
                ]
            }
        },
        "2bh1h": {
            "nominal": {
                "run2": [
                    0.004186965864265717
                ]
            }
        },
        "3bh0h": {
            "nominal": {
                "run2": [
                    0.0016317112235439929
                ]
            }
        }
    },
    "c3_1_d4_2": {
        "0bh3h": {
            "nominal": {
                "run2": [
                    0.0015164978198845534
                ]
            }
        },
        "1bh2h": {
            "nominal": {
                "run2": [
                    0.002344238970209707
                ]
            }
        },
        "2bh1h": {
            "nominal": {
                "run2": [
                    0.002721838886153798
                ]
            }
        },
        "3bh0h": {
            "nominal": {
                "run2": [
                    0.0010643230418598325
                ]
            }
        }
    },
    "c3_2_d4_m1": {
        "0bh3h": {
            "nominal": {
                "run2": [
                    0.004782172135900975
                ]
            }
        },
        "1bh2h": {
            "nominal": {
                "run2": [
                    0.006259830981307436
                ]
            }
        },
        "2bh1h": {
            "nominal": {
                "run2": [
                    0.006966876410508344
                ]
            }
        },
        "3bh0h": {
            "nominal": {
                "run2": [
                    0.002612185269588851
                ]
            }
        }
    },
    "c3_4_d4_9": {
        "0bh3h": {
            "nominal": {
                "run2": [
                    0.013415419990717438
                ]
            }
        },
        "1bh2h": {
            "nominal": {
                "run2": [
                    0.011379093304228767
                ]
            }
        },
        "2bh1h": {
            "nominal": {
                "run2": [
                    0.009660057994093701
                ]
            }
        },
        "3bh0h": {
            "nominal": {
                "run2": [
                    0.002878534660655596
                ]
            }
        }
    },
    "c3_m1_d4_0": {
        "0bh3h": {
            "nominal": {
                "run2": [
                    0.00794498800594752
                ]
            }
        },
        "1bh2h": {
            "nominal": {
                "run2": [
                    0.006715393531913451
                ]
            }
        },
        "2bh1h": {
            "nominal": {
                "run2": [
                    0.00555282107594726
                ]
            }
        },
        "3bh0h": {
            "nominal": {
                "run2": [
                    0.0022865576745305974
                ]
            }
        }
    },
    "c3_m1_d4_m1": {
        "0bh3h": {
            "nominal": {
                "run2": [
                    0.007843594663949334
                ]
            }
        },
        "1bh2h": {
            "nominal": {
                "run2": [
                    0.006666557716163398
                ]
            }
        },
        "2bh1h": {
            "nominal": {
                "run2": [
                    0.005775277442590303
                ]
            }
        },
        "3bh0h": {
            "nominal": {
                "run2": [
                    0.002538943870225893
                ]
            }
        }
    },
    "c3_m1p5_d4_m0p5": {
        "0bh3h": {
            "nominal": {
                "run2": [
                    0.012379795344526816
                ]
            }
        },
        "1bh2h": {
            "nominal": {
                "run2": [
                    0.009808759915565814
                ]
            }
        },
        "2bh1h": {
            "nominal": {
                "run2": [
                    0.007563334164617843
                ]
            }
        },
        "3bh0h": {
            "nominal": {
                "run2": [
                    0.003130793786417781
                ]
            }
        }
    }
}