{
    "GGFcateg1_2016": {
        "ggHH_kl_0p00_kt_1p00_c2_0p00_2016_hbbhbb": [0.0, 0.05999999865889549, 0.2199999988079071, 0.3799999952316284, 0.5400000214576721, 0.699999988079071, 0.8600000143051147, 0.8799999952316284, 0.8999999761581421, 1.0],
        "ggHH_kl_1p00_kt_1p00_c2_3p00_2016_hbbhbb": [0.0, 0.05999999865889549, 0.2199999988079071, 0.3799999952316284, 0.5400000214576721, 0.699999988079071, 0.8600000143051147, 0.8799999952316284, 0.8999999761581421, 1.0],
        "ggHH_kl_0p00_kt_1p00_c2_1p00_2016_hbbhbb": [0.0, 0.05999999865889549, 0.2199999988079071, 0.3799999952316284, 0.5400000214576721, 0.699999988079071, 0.8600000143051147, 0.8799999952316284, 0.8999999761581421, 1.0],
        "ggHH_kl_2p45_kt_1p00_c2_0p00_2016_hbbhbb": [0.0, 0.05999999865889549, 0.2199999988079071, 0.3799999952316284, 0.5400000214576721, 0.699999988079071, 0.8600000143051147, 0.8799999952316284, 0.8999999761581421, 1.0],
        "ggHH_kl_1p00_kt_1p00_c2_0p00_2016_hbbhbb": [0.0, 0.05999999865889549, 0.2199999988079071, 0.3799999952316284, 0.5400000214576721, 0.699999988079071, 0.8600000143051147, 0.8799999952316284, 0.8999999761581421, 1.0],
        "ggHH_kl_1p00_kt_1p00_c2_0p35_2016_hbbhbb": [0.0, 0.05999999865889549, 0.2199999988079071, 0.3799999952316284, 0.5400000214576721, 0.699999988079071, 0.8600000143051147, 0.8799999952316284, 0.8999999761581421, 1.0]
    },

    "GGFcateg2_2016": {
        "ggHH_kl_0p00_kt_1p00_c2_0p00_2016_hbbhbb": [0.0, 0.14000000059604645, 0.2800000011920929, 0.41999998688697815, 0.5600000023841858, 0.699999988079071, 0.8399999737739563, 0.8600000143051147, 0.8799999952316284, 0.8999999761581421, 1.0],
        "ggHH_kl_1p00_kt_1p00_c2_3p00_2016_hbbhbb": [0.0, 0.14000000059604645, 0.2800000011920929, 0.41999998688697815, 0.5600000023841858, 0.699999988079071, 0.8399999737739563, 0.8600000143051147, 0.8799999952316284, 0.8999999761581421, 1.0],
        "ggHH_kl_0p00_kt_1p00_c2_1p00_2016_hbbhbb": [0.0, 0.14000000059604645, 0.2800000011920929, 0.41999998688697815, 0.5600000023841858, 0.699999988079071, 0.8399999737739563, 0.8600000143051147, 0.8799999952316284, 0.8999999761581421, 1.0],
        "ggHH_kl_2p45_kt_1p00_c2_0p00_2016_hbbhbb": [0.0, 0.14000000059604645, 0.2800000011920929, 0.41999998688697815, 0.5600000023841858, 0.699999988079071, 0.8399999737739563, 0.8600000143051147, 0.8799999952316284, 0.8999999761581421, 1.0],
        "ggHH_kl_1p00_kt_1p00_c2_0p00_2016_hbbhbb": [0.0, 0.14000000059604645, 0.2800000011920929, 0.41999998688697815, 0.5600000023841858, 0.699999988079071, 0.8399999737739563, 0.8600000143051147, 0.8799999952316284, 0.8999999761581421, 1.0],
        "ggHH_kl_1p00_kt_1p00_c2_0p35_2016_hbbhbb": [0.0, 0.14000000059604645, 0.2800000011920929, 0.41999998688697815, 0.5600000023841858, 0.699999988079071, 0.8399999737739563, 0.8600000143051147, 0.8799999952316284, 0.8999999761581421, 1.0]
    },

    "VBFcateg1_2016": {
        "ggHH_kl_0p00_kt_1p00_c2_0p00_2016_hbbhbb": [300.0, 550.0, 800.0, 1050.0, 1300.0, 1550.0, 1800.0],
        "ggHH_kl_1p00_kt_1p00_c2_3p00_2016_hbbhbb": [300.0, 550.0, 800.0, 1050.0, 1300.0, 1550.0, 1800.0],
        "ggHH_kl_0p00_kt_1p00_c2_1p00_2016_hbbhbb": [300.0, 550.0, 800.0, 1050.0, 1300.0, 1550.0, 1800.0],
        "ggHH_kl_2p45_kt_1p00_c2_0p00_2016_hbbhbb": [300.0, 550.0, 800.0, 1050.0, 1300.0, 1550.0, 1800.0],
        "ggHH_kl_1p00_kt_1p00_c2_0p00_2016_hbbhbb": [300.0, 550.0, 800.0, 1050.0, 1300.0, 1550.0, 1800.0],
        "ggHH_kl_1p00_kt_1p00_c2_0p35_2016_hbbhbb": [300.0, 550.0, 800.0, 1050.0, 1300.0, 1550.0, 1800.0]
    },

    "GGFcateg1_20172018": {
        "ggHH_kl_0p00_kt_1p00_c2_0p00_2017_hbbhbb": [0.0, 0.20000000298023224, 0.41999998688697815, 0.6399999856948853, 0.8600000143051147, 0.8799999952316284, 0.8999999761581421, 1.0],
        "ggHH_kl_1p00_kt_1p00_c2_3p00_2017_hbbhbb": [0.0, 0.20000000298023224, 0.41999998688697815, 0.6399999856948853, 0.8600000143051147, 0.8799999952316284, 0.8999999761581421, 1.0],
        "ggHH_kl_0p00_kt_1p00_c2_1p00_2017_hbbhbb": [0.0, 0.20000000298023224, 0.41999998688697815, 0.6399999856948853, 0.8600000143051147, 0.8799999952316284, 0.8999999761581421, 1.0],
        "ggHH_kl_2p45_kt_1p00_c2_0p00_2017_hbbhbb": [0.0, 0.20000000298023224, 0.41999998688697815, 0.6399999856948853, 0.8600000143051147, 0.8799999952316284, 0.8999999761581421, 1.0],
        "ggHH_kl_1p00_kt_1p00_c2_0p00_2017_hbbhbb": [0.0, 0.20000000298023224, 0.41999998688697815, 0.6399999856948853, 0.8600000143051147, 0.8799999952316284, 0.8999999761581421, 1.0],
        "ggHH_kl_1p00_kt_1p00_c2_0p35_2017_hbbhbb": [0.0, 0.20000000298023224, 0.41999998688697815, 0.6399999856948853, 0.8600000143051147, 0.8799999952316284, 0.8999999761581421, 1.0],
        "ggHH_kl_0p00_kt_1p00_c2_0p00_2018_hbbhbb": [0.0, 0.07999999821186066, 0.1599999964237213, 0.23999999463558197, 0.3199999928474426, 0.4000000059604645, 0.47999998927116394, 0.5600000023841858, 0.6399999856948853, 0.7200000286102295, 0.800000011920929, 0.8799999952316284, 0.8999999761581421, 1.0],
        "ggHH_kl_1p00_kt_1p00_c2_3p00_2018_hbbhbb": [0.0, 0.07999999821186066, 0.1599999964237213, 0.23999999463558197, 0.3199999928474426, 0.4000000059604645, 0.47999998927116394, 0.5600000023841858, 0.6399999856948853, 0.7200000286102295, 0.800000011920929, 0.8799999952316284, 0.8999999761581421, 1.0],
        "ggHH_kl_0p00_kt_1p00_c2_1p00_2018_hbbhbb": [0.0, 0.07999999821186066, 0.1599999964237213, 0.23999999463558197, 0.3199999928474426, 0.4000000059604645, 0.47999998927116394, 0.5600000023841858, 0.6399999856948853, 0.7200000286102295, 0.800000011920929, 0.8799999952316284, 0.8999999761581421, 1.0],
        "ggHH_kl_2p45_kt_1p00_c2_0p00_2018_hbbhbb": [0.0, 0.07999999821186066, 0.1599999964237213, 0.23999999463558197, 0.3199999928474426, 0.4000000059604645, 0.47999998927116394, 0.5600000023841858, 0.6399999856948853, 0.7200000286102295, 0.800000011920929, 0.8799999952316284, 0.8999999761581421, 1.0],
        "ggHH_kl_1p00_kt_1p00_c2_0p00_2018_hbbhbb": [0.0, 0.07999999821186066, 0.1599999964237213, 0.23999999463558197, 0.3199999928474426, 0.4000000059604645, 0.47999998927116394, 0.5600000023841858, 0.6399999856948853, 0.7200000286102295, 0.800000011920929, 0.8799999952316284, 0.8999999761581421, 1.0],
        "ggHH_kl_1p00_kt_1p00_c2_0p35_2018_hbbhbb": [0.0, 0.07999999821186066, 0.1599999964237213, 0.23999999463558197, 0.3199999928474426, 0.4000000059604645, 0.47999998927116394, 0.5600000023841858, 0.6399999856948853, 0.7200000286102295, 0.800000011920929, 0.8799999952316284, 0.8999999761581421, 1.0]
    },

    "GGFcateg2_20172018": {
        "ggHH_kl_0p00_kt_1p00_c2_0p00_2017_hbbhbb": [0.0, 0.14000000059604645, 0.3799999952316284, 0.6200000047683716, 0.6399999856948853, 0.6600000262260437, 0.6800000071525574, 0.699999988079071, 0.7200000286102295, 0.7400000095367432, 0.7599999904632568, 0.7799999713897705, 0.800000011920929, 0.8199999928474426, 0.8399999737739563, 0.8600000143051147, 0.8799999952316284, 0.8999999761581421, 1.0],
        "ggHH_kl_1p00_kt_1p00_c2_3p00_2017_hbbhbb": [0.0, 0.14000000059604645, 0.3799999952316284, 0.6200000047683716, 0.6399999856948853, 0.6600000262260437, 0.6800000071525574, 0.699999988079071, 0.7200000286102295, 0.7400000095367432, 0.7599999904632568, 0.7799999713897705, 0.800000011920929, 0.8199999928474426, 0.8399999737739563, 0.8600000143051147, 0.8799999952316284, 0.8999999761581421, 1.0],
        "ggHH_kl_0p00_kt_1p00_c2_1p00_2017_hbbhbb": [0.0, 0.14000000059604645, 0.3799999952316284, 0.6200000047683716, 0.6399999856948853, 0.6600000262260437, 0.6800000071525574, 0.699999988079071, 0.7200000286102295, 0.7400000095367432, 0.7599999904632568, 0.7799999713897705, 0.800000011920929, 0.8199999928474426, 0.8399999737739563, 0.8600000143051147, 0.8799999952316284, 0.8999999761581421, 1.0],